Source,Target,Label
2,238,vadi
6,238,vadi
22,238,vadi
28,238,vadi
32,238,vadi
33,238,vadi
37,238,vadi
43,238,vadi
72,238,vadi
76,238,vadi
79,238,vadi
84,238,vadi
91,238,vadi
92,238,vadi
99,238,vadi
101,238,vadi
111,238,vadi
127,238,vadi
131,238,vadi
137,238,vadi
144,238,vadi
147,238,vadi
154,238,vadi
155,238,vadi
164,238,vadi
167,238,vadi
171,238,vadi
168,238,vadi
169,238,vadi
176,238,vadi
179,238,vadi
185,238,vadi
191,238,vadi
192,238,vadi
211,238,vadi
221,238,vadi
224,238,vadi
227,238,vadi
229,238,vadi
233,238,vadi
4,238,samvadi
5,238,samvadi
7,238,samvadi
9,238,samvadi
8,238,samvadi
12,238,samvadi
13,238,samvadi
14,238,samvadi
15,238,samvadi
16,238,samvadi
17,238,samvadi
18,238,samvadi
19,238,samvadi
25,238,samvadi
26,238,samvadi
27,238,samvadi
36,238,samvadi
35,238,samvadi
39,238,samvadi
40,238,samvadi
41,238,samvadi
42,238,samvadi
44,238,samvadi
45,238,samvadi
60,238,samvadi
61,238,samvadi
62,238,samvadi
64,238,samvadi
65,238,samvadi
69,238,samvadi
71,238,samvadi
77,238,samvadi
80,238,samvadi
81,238,samvadi
83,238,samvadi
87,238,samvadi
90,238,samvadi
93,238,samvadi
94,238,samvadi
97,238,samvadi
100,238,samvadi
103,238,samvadi
104,238,samvadi
106,238,samvadi
108,238,samvadi
109,238,samvadi
110,238,samvadi
113,238,samvadi
115,238,samvadi
117,238,samvadi
116,238,samvadi
118,238,samvadi
120,238,samvadi
121,238,samvadi
124,238,samvadi
123,238,samvadi
125,238,samvadi
129,238,samvadi
130,238,samvadi
132,238,samvadi
133,238,samvadi
134,238,samvadi
135,238,samvadi
140,238,samvadi
141,238,samvadi
142,238,samvadi
143,238,samvadi
145,238,samvadi
146,238,samvadi
148,238,samvadi
149,238,samvadi
158,238,samvadi
160,238,samvadi
161,238,samvadi
163,238,samvadi
159,238,samvadi
162,238,samvadi
165,238,samvadi
166,238,samvadi
170,238,samvadi
172,238,samvadi
174,238,samvadi
175,238,samvadi
178,238,samvadi
180,238,samvadi
181,238,samvadi
182,238,samvadi
183,238,samvadi
184,238,samvadi
193,238,samvadi
194,238,samvadi
195,238,samvadi
196,238,samvadi
198,238,samvadi
200,238,samvadi
201,238,samvadi
203,238,samvadi
205,238,samvadi
207,238,samvadi
209,238,samvadi
210,238,samvadi
215,238,samvadi
214,238,samvadi
216,238,samvadi
217,238,samvadi
218,238,samvadi
219,238,samvadi
225,238,samvadi
226,238,samvadi
230,238,samvadi
1,238,a1
2,238,a1
3,238,a1
4,238,a1
5,238,a1
6,238,a1
7,238,a1
9,238,a1
8,238,a1
10,238,a1
11,238,a1
12,238,a1
13,238,a1
14,238,a1
15,238,a1
16,238,a1
17,238,a1
18,238,a1
19,238,a1
20,238,a1
22,238,a1
21,238,a1
23,238,a1
24,238,a1
28,238,a1
27,238,a1
29,238,a1
30,238,a1
31,238,a1
32,238,a1
33,238,a1
36,238,a1
34,238,a1
35,238,a1
37,238,a1
38,238,a1
39,238,a1
40,238,a1
42,238,a1
43,238,a1
45,238,a1
47,238,a1
46,238,a1
48,238,a1
49,238,a1
50,238,a1
51,238,a1
52,238,a1
53,238,a1
54,238,a1
55,238,a1
58,238,a1
60,238,a1
61,238,a1
62,238,a1
63,238,a1
64,238,a1
65,238,a1
66,238,a1
67,238,a1
68,238,a1
69,238,a1
71,238,a1
70,238,a1
72,238,a1
74,238,a1
75,238,a1
78,238,a1
76,238,a1
77,238,a1
79,238,a1
80,238,a1
83,238,a1
84,238,a1
85,238,a1
86,238,a1
87,238,a1
89,238,a1
90,238,a1
92,238,a1
93,238,a1
94,238,a1
95,238,a1
96,238,a1
97,238,a1
98,238,a1
99,238,a1
102,238,a1
103,238,a1
104,238,a1
108,238,a1
109,238,a1
110,238,a1
111,238,a1
112,238,a1
113,238,a1
114,238,a1
115,238,a1
117,238,a1
116,238,a1
118,238,a1
119,238,a1
120,238,a1
121,238,a1
122,238,a1
123,238,a1
125,238,a1
126,238,a1
127,238,a1
128,238,a1
130,238,a1
131,238,a1
132,238,a1
136,238,a1
137,238,a1
138,238,a1
139,238,a1
141,238,a1
142,238,a1
143,238,a1
144,238,a1
145,238,a1
147,238,a1
148,238,a1
149,238,a1
151,238,a1
154,238,a1
155,238,a1
157,238,a1
160,238,a1
161,238,a1
163,238,a1
159,238,a1
162,238,a1
165,238,a1
166,238,a1
171,238,a1
168,238,a1
169,238,a1
174,238,a1
175,238,a1
180,238,a1
182,238,a1
183,238,a1
184,238,a1
185,238,a1
187,238,a1
188,238,a1
189,238,a1
191,238,a1
192,238,a1
193,238,a1
194,238,a1
196,238,a1
197,238,a1
198,238,a1
199,238,a1
200,238,a1
201,238,a1
202,238,a1
203,238,a1
204,238,a1
205,238,a1
207,238,a1
208,238,a1
209,238,a1
210,238,a1
211,238,a1
212,238,a1
213,238,a1
215,238,a1
214,238,a1
216,238,a1
217,238,a1
219,238,a1
220,238,a1
221,238,a1
222,238,a1
223,238,a1
224,238,a1
225,238,a1
226,238,a1
227,238,a1
228,238,a1
229,238,a1
230,238,a1
231,238,a1
233,238,a1
234,238,a1
237,238,a1
25,238,a2
26,238,a2
44,238,a2
56,238,a2
57,238,a2
59,238,a2
73,238,a2
81,238,a2
82,238,a2
88,238,a2
91,238,a2
100,238,a2
105,238,a2
106,238,a2
124,238,a2
140,238,a2
150,238,a2
152,238,a2
156,238,a2
158,238,a2
167,238,a2
170,238,a2
172,238,a2
181,238,a2
190,238,a2
206,238,a2
218,238,a2
36,238,a3
41,238,a3
42,238,a3
51,238,a3
110,238,a3
129,238,a3
146,238,a3
164,238,a3
195,238,a3
198,238,a3
215,238,a3
42,238,a4
101,238,a4
224,238,a4
141,238,a5
224,238,a5
2,238,a6
4,238,a6
5,238,a6
11,238,a6
12,238,a6
18,238,a6
19,238,a6
20,238,a6
22,238,a6
24,238,a6
33,238,a6
37,238,a6
43,238,a6
45,238,a6
49,238,a6
50,238,a6
52,238,a6
53,238,a6
54,238,a6
58,238,a6
64,238,a6
74,238,a6
80,238,a6
83,238,a6
89,238,a6
96,238,a6
99,238,a6
101,238,a6
104,238,a6
114,238,a6
115,238,a6
117,238,a6
127,238,a6
128,238,a6
138,238,a6
139,238,a6
142,238,a6
145,238,a6
146,238,a6
147,238,a6
148,238,a6
165,238,a6
171,238,a6
175,238,a6
188,238,a6
193,238,a6
194,238,a6
197,238,a6
200,238,a6
202,238,a6
204,238,a6
208,238,a6
211,238,a6
212,238,a6
213,238,a6
219,238,a6
221,238,a6
222,238,a6
225,238,a6
229,238,a6
231,238,a6
1,238,a7
8,238,a7
21,238,a7
25,238,a7
27,238,a7
29,238,a7
30,238,a7
32,238,a7
34,238,a7
44,238,a7
46,238,a7
48,238,a7
56,238,a7
57,238,a7
59,238,a7
60,238,a7
63,238,a7
69,238,a7
71,238,a7
70,238,a7
72,238,a7
73,238,a7
77,238,a7
81,238,a7
82,238,a7
84,238,a7
85,238,a7
86,238,a7
91,238,a7
92,238,a7
95,238,a7
98,238,a7
100,238,a7
102,238,a7
107,238,a7
108,238,a7
111,238,a7
112,238,a7
113,238,a7
126,238,a7
131,238,a7
137,238,a7
140,238,a7
143,238,a7
149,238,a7
150,238,a7
154,238,a7
158,238,a7
170,238,a7
172,238,a7
173,238,a7
176,238,a7
178,238,a7
179,238,a7
181,238,a7
182,238,a7
185,238,a7
190,238,a7
196,238,a7
203,238,a7
206,238,a7
214,238,a7
226,238,a7
232,238,a7
233,238,a7
235,238,a7
237,238,a7
236,238,a7
6,238,a8
7,238,a8
9,238,a8
13,238,a8
15,238,a8
16,238,a8
23,238,a8
35,238,a8
38,238,a8
39,238,a8
61,238,a8
62,238,a8
65,238,a8
67,238,a8
68,238,a8
75,238,a8
76,238,a8
79,238,a8
90,238,a8
94,238,a8
103,238,a8
105,238,a8
109,238,a8
110,238,a8
116,238,a8
118,238,a8
119,238,a8
124,238,a8
130,238,a8
136,238,a8
153,238,a8
155,238,a8
157,238,a8
160,238,a8
163,238,a8
159,238,a8
164,238,a8
167,238,a8
169,238,a8
177,238,a8
180,238,a8
187,238,a8
192,238,a8
199,238,a8
205,238,a8
215,238,a8
216,238,a8
220,238,a8
228,238,a8
230,238,a8
10,238,a9
36,238,a9
40,238,a9
47,238,a9
51,238,a9
106,238,a9
120,238,a9
125,238,a9
129,238,a9
151,238,a9
162,238,a9
198,238,a9
209,238,a9
210,238,a9
217,238,a9
218,238,a9
227,238,a9
14,238,a10
17,238,a10
28,238,a10
31,238,a10
42,238,a10
55,238,a10
78,238,a10
121,238,a10
122,238,a10
123,238,a10
132,238,a10
134,238,a10
135,238,a10
184,238,a10
189,238,a10
207,238,a10
223,238,a10
234,238,a10
26,238,a11
97,238,a11
133,238,a11
152,238,a11
156,238,a11
161,238,a11
166,238,a11
168,238,a11
191,238,a11
40,238,a12
66,238,a12
87,238,a12
93,238,a12
101,238,a12
174,238,a12
183,238,a12
229,238,a12
88,238,a13
144,238,a13
186,238,a13
224,238,a13
41,238,a14
66,238,a14
146,238,a14
201,238,a14
195,238,a15
41,238,a17
1,238,d1
2,238,d1
3,238,d1
4,238,d1
5,238,d1
6,238,d1
7,238,d1
9,238,d1
8,238,d1
10,238,d1
11,238,d1
12,238,d1
13,238,d1
14,238,d1
15,238,d1
16,238,d1
17,238,d1
18,238,d1
19,238,d1
20,238,d1
22,238,d1
21,238,d1
23,238,d1
24,238,d1
26,238,d1
28,238,d1
27,238,d1
29,238,d1
30,238,d1
31,238,d1
32,238,d1
33,238,d1
36,238,d1
34,238,d1
35,238,d1
38,238,d1
39,238,d1
40,238,d1
41,238,d1
42,238,d1
45,238,d1
47,238,d1
46,238,d1
48,238,d1
49,238,d1
50,238,d1
51,238,d1
52,238,d1
54,238,d1
55,238,d1
56,238,d1
57,238,d1
58,238,d1
59,238,d1
60,238,d1
61,238,d1
62,238,d1
63,238,d1
64,238,d1
65,238,d1
67,238,d1
69,238,d1
71,238,d1
70,238,d1
72,238,d1
74,238,d1
75,238,d1
78,238,d1
76,238,d1
77,238,d1
79,238,d1
80,238,d1
81,238,d1
82,238,d1
83,238,d1
84,238,d1
85,238,d1
86,238,d1
87,238,d1
88,238,d1
89,238,d1
90,238,d1
91,238,d1
92,238,d1
93,238,d1
94,238,d1
95,238,d1
96,238,d1
97,238,d1
98,238,d1
99,238,d1
100,238,d1
101,238,d1
102,238,d1
103,238,d1
104,238,d1
105,238,d1
106,238,d1
107,238,d1
108,238,d1
109,238,d1
110,238,d1
111,238,d1
112,238,d1
113,238,d1
114,238,d1
115,238,d1
117,238,d1
116,238,d1
118,238,d1
119,238,d1
120,238,d1
121,238,d1
122,238,d1
124,238,d1
125,238,d1
126,238,d1
127,238,d1
128,238,d1
130,238,d1
131,238,d1
132,238,d1
133,238,d1
134,238,d1
135,238,d1
136,238,d1
137,238,d1
138,238,d1
139,238,d1
140,238,d1
141,238,d1
142,238,d1
143,238,d1
144,238,d1
145,238,d1
146,238,d1
147,238,d1
148,238,d1
149,238,d1
150,238,d1
151,238,d1
152,238,d1
153,238,d1
154,238,d1
155,238,d1
156,238,d1
157,238,d1
158,238,d1
160,238,d1
161,238,d1
163,238,d1
159,238,d1
162,238,d1
164,238,d1
165,238,d1
166,238,d1
167,238,d1
170,238,d1
171,238,d1
168,238,d1
169,238,d1
172,238,d1
173,238,d1
174,238,d1
175,238,d1
176,238,d1
178,238,d1
179,238,d1
180,238,d1
181,238,d1
182,238,d1
183,238,d1
184,238,d1
185,238,d1
186,238,d1
187,238,d1
188,238,d1
190,238,d1
191,238,d1
192,238,d1
193,238,d1
194,238,d1
195,238,d1
196,238,d1
197,238,d1
198,238,d1
199,238,d1
200,238,d1
201,238,d1
202,238,d1
203,238,d1
204,238,d1
206,238,d1
205,238,d1
207,238,d1
208,238,d1
209,238,d1
210,238,d1
211,238,d1
212,238,d1
213,238,d1
215,238,d1
214,238,d1
216,238,d1
217,238,d1
218,238,d1
219,238,d1
220,238,d1
221,238,d1
222,238,d1
223,238,d1
224,238,d1
225,238,d1
226,238,d1
227,238,d1
228,238,d1
229,238,d1
230,238,d1
231,238,d1
233,238,d1
234,238,d1
235,238,d1
237,238,d1
236,238,d1
53,238,d2
66,238,d2
73,238,d2
129,238,d2
17,238,d3
38,238,d3
43,238,d3
64,238,d3
68,238,d3
91,238,d3
156,238,d3
170,238,d3
116,238,d4
4,238,d6
12,238,d6
24,238,d6
45,238,d6
49,238,d6
50,238,d6
52,238,d6
54,238,d6
67,238,d6
96,238,d6
99,238,d6
102,238,d6
110,238,d6
141,238,d6
145,238,d6
155,238,d6
185,238,d6
200,238,d6
205,238,d6
231,238,d6
5,238,d7
8,238,d7
16,238,d7
21,238,d7
29,238,d7
34,238,d7
46,238,d7
51,238,d7
59,238,d7
60,238,d7
72,238,d7
82,238,d7
95,238,d7
104,238,d7
108,238,d7
113,238,d7
147,238,d7
149,238,d7
153,238,d7
159,238,d7
165,238,d7
197,238,d7
203,238,d7
226,238,d7
233,238,d7
2,238,d8
3,238,d8
7,238,d8
9,238,d8
11,238,d8
13,238,d8
15,238,d8
18,238,d8
19,238,d8
20,238,d8
35,238,d8
37,238,d8
39,238,d8
44,238,d8
48,238,d8
63,238,d8
64,238,d8
65,238,d8
71,238,d8
70,238,d8
81,238,d8
83,238,d8
84,238,d8
89,238,d8
103,238,d8
106,238,d8
115,238,d8
119,238,d8
120,238,d8
121,238,d8
126,238,d8
127,238,d8
128,238,d8
130,238,d8
133,238,d8
138,238,d8
139,238,d8
148,238,d8
150,238,d8
157,238,d8
158,238,d8
160,238,d8
163,238,d8
164,238,d8
169,238,d8
175,238,d8
181,238,d8
190,238,d8
193,238,d8
194,238,d8
199,238,d8
219,238,d8
223,238,d8
225,238,d8
228,238,d8
230,238,d8
14,238,d9
26,238,d9
30,238,d9
53,238,d9
74,238,d9
78,238,d9
77,238,d9
97,238,d9
105,238,d9
111,238,d9
117,238,d9
123,238,d9
168,238,d9
177,238,d9
182,238,d9
192,238,d9
196,238,d9
204,238,d9
207,238,d9
218,238,d9
221,238,d9
224,238,d9
17,238,d10
23,238,d10
27,238,d10
32,238,d10
33,238,d10
40,238,d10
58,238,d10
61,238,d10
66,238,d10
75,238,d10
84,238,d10
98,238,d10
101,238,d10
107,238,d10
115,238,d10
131,238,d10
143,238,d10
151,238,d10
152,238,d10
170,238,d10
176,238,d10
179,238,d10
188,238,d10
206,238,d10
208,238,d10
212,238,d10
213,238,d10
217,238,d10
220,238,d10
229,238,d10
235,238,d10
236,238,d10
10,238,d11
25,238,d11
31,238,d11
41,238,d11
43,238,d11
47,238,d11
56,238,d11
86,238,d11
87,238,d11
91,238,d11
109,238,d11
114,238,d11
116,238,d11
118,238,d11
129,238,d11
131,238,d11
132,238,d11
136,238,d11
146,238,d11
156,238,d11
183,238,d11
187,238,d11
189,238,d11
195,238,d11
202,238,d11
215,238,d11
214,238,d11
216,238,d11
222,238,d11
234,238,d11
28,238,d12
38,238,d12
42,238,d12
68,238,d12
78,238,d12
93,238,d12
100,238,d12
111,238,d12
124,238,d12
144,238,d12
164,238,d12
171,238,d12
180,238,d12
201,238,d12
210,238,d12
227,238,d12
232,238,d12
22,238,d13
36,238,d13
57,238,d13
73,238,d13
75,238,d13
84,238,d13
92,238,d13
131,238,d13
154,238,d13
161,238,d13
173,238,d13
178,238,d13
184,238,d13
209,238,d13
211,238,d13
221,238,d13
86,238,d14
93,238,d14
137,238,d14
140,238,d14
191,238,d14
22,238,d15
40,238,d15
88,238,d15
90,238,d15
94,238,d15
100,238,d15
116,238,d15
122,238,d15
162,238,d15
172,238,d15
198,238,d15
211,238,d15
80,238,d16
134,238,d16
135,238,d16
174,238,d16
186,238,d16
237,238,d16
86,238,d17
142,238,d17
146,238,d17
172,238,d17
76,238,d18
79,238,d18
78,238,d19
125,238,d19
172,238,d20
151,239,vadi
153,239,vadi
202,239,vadi
30,239,samvadi
38,239,samvadi
95,239,samvadi
96,239,samvadi
199,239,samvadi
220,239,samvadi
231,239,samvadi
1,239,a2
7,239,a2
9,239,a2
8,239,a2
13,239,a2
14,239,a2
17,239,a2
19,239,a2
21,239,a2
30,239,a2
34,239,a2
35,239,a2
39,239,a2
40,239,a2
41,239,a2
42,239,a2
48,239,a2
49,239,a2
51,239,a2
53,239,a2
54,239,a2
55,239,a2
58,239,a2
68,239,a2
69,239,a2
89,239,a2
90,239,a2
94,239,a2
95,239,a2
96,239,a2
117,239,a2
118,239,a2
121,239,a2
133,239,a2
134,239,a2
135,239,a2
144,239,a2
151,239,a2
153,239,a2
157,239,a2
173,239,a2
174,239,a2
176,239,a2
177,239,a2
178,239,a2
179,239,a2
180,239,a2
182,239,a2
184,239,a2
185,239,a2
186,239,a2
193,239,a2
194,239,a2
198,239,a2
199,239,a2
203,239,a2
214,239,a2
220,239,a2
224,239,a2
226,239,a2
227,239,a2
228,239,a2
230,239,a2
231,239,a2
232,239,a2
235,239,a2
236,239,a2
31,239,a3
62,239,a3
93,239,a3
201,239,a3
224,239,a3
31,239,a5
33,239,a5
144,239,a6
224,239,a6
177,239,a7
40,239,a11
41,239,a16
53,239,d1
177,239,d1
232,239,d1
17,239,d2
41,239,d2
42,239,d2
58,239,d2
118,239,d2
144,239,d2
31,239,d3
178,239,d3
186,239,d3
202,239,d3
19,239,d5
49,239,d5
54,239,d5
96,239,d5
185,239,d5
231,239,d5
8,239,d6
21,239,d6
34,239,d6
51,239,d6
62,239,d6
72,239,d6
95,239,d6
104,239,d6
108,239,d6
147,239,d6
153,239,d6
203,239,d6
226,239,d6
1,239,d7
3,239,d7
7,239,d7
13,239,d7
19,239,d7
20,239,d7
35,239,d7
39,239,d7
58,239,d7
89,239,d7
118,239,d7
121,239,d7
133,239,d7
158,239,d7
176,239,d7
179,239,d7
193,239,d7
194,239,d7
199,239,d7
223,239,d7
224,239,d7
228,239,d7
232,239,d7
14,239,d8
30,239,d8
53,239,d8
55,239,d8
117,239,d8
123,239,d8
166,239,d8
173,239,d8
177,239,d8
182,239,d8
224,239,d8
17,239,d9
33,239,d9
58,239,d9
85,239,d9
176,239,d9
179,239,d9
180,239,d9
201,239,d9
212,239,d9
220,239,d9
229,239,d9
31,239,d10
41,239,d10
93,239,d10
118,239,d10
178,239,d10
202,239,d10
215,239,d10
214,239,d10
28,239,d11
38,239,d11
42,239,d11
80,239,d11
144,239,d11
167,239,d11
174,239,d11
180,239,d11
201,239,d11
227,239,d11
232,239,d11
36,239,d12
40,239,d12
90,239,d12
94,239,d12
173,239,d12
178,239,d12
184,239,d12
198,239,d12
90,239,d14
94,239,d14
198,239,d14
80,239,d15
134,239,d15
135,239,d15
174,239,d15
186,239,d15
172,239,d19
23,240,vadi
24,240,vadi
59,240,vadi
66,240,vadi
67,240,vadi
68,240,vadi
73,240,vadi
89,240,vadi
105,240,vadi
136,240,vadi
138,240,vadi
139,240,vadi
156,240,vadi
188,240,vadi
206,240,vadi
208,240,vadi
213,240,vadi
34,240,samvadi
75,240,samvadi
119,240,samvadi
122,240,samvadi
189,240,samvadi
190,240,samvadi
129,240,a1
146,240,a1
195,240,a1
2,240,a2
4,240,a2
5,240,a2
6,240,a2
11,240,a2
15,240,a2
16,240,a2
18,240,a2
20,240,a2
22,240,a2
23,240,a2
24,240,a2
29,240,a2
32,240,a2
36,240,a2
37,240,a2
46,240,a2
50,240,a2
52,240,a2
60,240,a2
63,240,a2
65,240,a2
66,240,a2
67,240,a2
71,240,a2
74,240,a2
75,240,a2
78,240,a2
76,240,a2
79,240,a2
83,240,a2
85,240,a2
87,240,a2
92,240,a2
97,240,a2
98,240,a2
99,240,a2
103,240,a2
107,240,a2
108,240,a2
110,240,a2
111,240,a2
112,240,a2
113,240,a2
114,240,a2
119,240,a2
122,240,a2
127,240,a2
128,240,a2
130,240,a2
131,240,a2
136,240,a2
138,240,a2
139,240,a2
143,240,a2
149,240,a2
154,240,a2
160,240,a2
161,240,a2
163,240,a2
159,240,a2
162,240,a2
168,240,a2
169,240,a2
183,240,a2
187,240,a2
188,240,a2
189,240,a2
191,240,a2
196,240,a2
200,240,a2
202,240,a2
204,240,a2
205,240,a2
208,240,a2
209,240,a2
210,240,a2
211,240,a2
213,240,a2
216,240,a2
217,240,a2
219,240,a2
221,240,a2
223,240,a2
233,240,a2
237,240,a2
10,240,a3
59,240,a3
73,240,a3
105,240,a3
132,240,a3
155,240,a3
172,240,a3
206,240,a3
23,240,a4
88,240,a4
97,240,a4
156,240,a4
164,240,a4
209,240,a4
87,240,a5
101,240,a5
146,240,a5
191,240,a5
66,240,a6
161,240,a6
37,240,d1
66,240,d1
68,240,d1
123,240,d1
129,240,d1
189,240,d1
43,240,d2
64,240,d2
154,240,d2
210,240,d2
213,240,d2
73,240,d3
4,240,d5
24,240,d5
50,240,d5
52,240,d5
59,240,d5
92,240,d5
99,240,d5
110,240,d5
138,240,d5
139,240,d5
155,240,d5
200,240,d5
205,240,d5
5,240,d6
16,240,d6
29,240,d6
46,240,d6
60,240,d6
66,240,d6
82,240,d6
83,240,d6
92,240,d6
113,240,d6
138,240,d6
139,240,d6
149,240,d6
159,240,d6
165,240,d6
188,240,d6
189,240,d6
233,240,d6
2,240,d7
6,240,d7
9,240,d7
11,240,d7
15,240,d7
18,240,d7
23,240,d7
40,240,d7
44,240,d7
48,240,d7
63,240,d7
65,240,d7
71,240,d7
70,240,d7
74,240,d7
81,240,d7
84,240,d7
103,240,d7
105,240,d7
112,240,d7
114,240,d7
119,240,d7
126,240,d7
128,240,d7
130,240,d7
148,240,d7
150,240,d7
157,240,d7
160,240,d7
161,240,d7
163,240,d7
164,240,d7
169,240,d7
175,240,d7
181,240,d7
190,240,d7
219,240,d7
230,240,d7
23,240,d8
26,240,d8
32,240,d8
75,240,d8
78,240,d8
76,240,d8
79,240,d8
86,240,d8
87,240,d8
88,240,d8
97,240,d8
111,240,d8
124,240,d8
161,240,d8
168,240,d8
188,240,d8
192,240,d8
196,240,d8
204,240,d8
206,240,d8
207,240,d8
213,240,d8
218,240,d8
22,240,d9
27,240,d9
40,240,d9
61,240,d9
66,240,d9
98,240,d9
101,240,d9
107,240,d9
114,240,d9
131,240,d9
143,240,d9
151,240,d9
152,240,d9
170,240,d9
208,240,d9
211,240,d9
217,240,d9
235,240,d9
236,240,d9
10,240,d10
25,240,d10
43,240,d10
47,240,d10
56,240,d10
73,240,d10
78,240,d10
76,240,d10
79,240,d10
86,240,d10
87,240,d10
88,240,d10
91,240,d10
92,240,d10
109,240,d10
114,240,d10
129,240,d10
132,240,d10
136,240,d10
146,240,d10
156,240,d10
183,240,d10
187,240,d10
189,240,d10
195,240,d10
216,240,d10
221,240,d10
234,240,d10
68,240,d11
75,240,d11
100,240,d11
124,240,d11
171,240,d11
191,240,d11
210,240,d11
57,240,d12
76,240,d12
79,240,d12
131,240,d12
154,240,d12
161,240,d12
209,240,d12
221,240,d12
78,240,d13
86,240,d13
105,240,d13
137,240,d13
140,240,d13
191,240,d13
237,240,d13
22,240,d14
88,240,d14
122,240,d14
162,240,d14
172,240,d14
211,240,d14
237,240,d15
76,240,d17
79,240,d17
78,240,d18
125,240,d18
48,241,vadi
82,241,vadi
86,241,vadi
234,241,vadi
1,241,samvadi
20,241,samvadi
21,241,samvadi
47,241,samvadi
49,241,samvadi
53,241,samvadi
58,241,samvadi
85,241,samvadi
112,241,samvadi
223,241,samvadi
228,241,samvadi
3,241,a2
27,241,a2
47,241,a2
62,241,a2
64,241,a2
72,241,a2
145,241,a2
165,241,a2
192,241,a2
225,241,a2
1,241,a3
4,241,a3
5,241,a3
6,241,a3
9,241,a3
25,241,a3
39,241,a3
44,241,a3
48,241,a3
49,241,a3
53,241,a3
68,241,a3
69,241,a3
81,241,a3
82,241,a3
95,241,a3
103,241,a3
106,241,a3
119,241,a3
130,241,a3
140,241,a3
149,241,a3
158,241,a3
170,241,a3
190,241,a3
196,241,a3
200,241,a3
216,241,a3
218,241,a3
227,241,a3
228,241,a3
233,241,a3
62,241,a4
124,241,a4
129,241,a4
195,241,a4
217,241,a4
28,241,a5
26,241,a6
234,241,a7
97,241,a8
43,241,d1
4,241,d4
5,241,d4
49,241,d4
200,241,d4
6,241,d5
16,241,d5
21,241,d5
53,241,d5
62,241,d5
82,241,d5
95,241,d5
97,241,d5
103,241,d5
145,241,d5
149,241,d5
192,241,d5
233,241,d5
1,241,d6
3,241,d6
19,241,d6
26,241,d6
27,241,d6
39,241,d6
44,241,d6
48,241,d6
58,241,d6
81,241,d6
84,241,d6
97,241,d6
112,241,d6
119,241,d6
130,241,d6
151,241,d6
158,241,d6
160,241,d6
169,241,d6
175,241,d6
190,241,d6
198,241,d6
199,241,d6
218,241,d6
223,241,d6
228,241,d6
25,241,d7
32,241,d7
53,241,d7
64,241,d7
78,241,d7
100,241,d7
106,241,d7
115,241,d7
124,241,d7
136,241,d7
182,241,d7
196,241,d7
217,241,d7
225,241,d7
22,241,d8
27,241,d8
58,241,d8
85,241,d8
129,241,d8
136,241,d8
143,241,d8
156,241,d8
170,241,d8
183,241,d8
195,241,d8
211,241,d8
216,241,d8
227,241,d8
25,241,d9
32,241,d9
47,241,d9
68,241,d9
75,241,d9
86,241,d9
115,241,d9
124,241,d9
154,241,d9
227,241,d9
100,241,d10
154,241,d10
171,241,d10
210,241,d10
22,241,d12
116,241,d12
140,241,d12
211,241,d12
172,241,d13
198,241,d13
116,241,d14
142,241,d15
142,241,d16
78,241,d17
172,241,d18
11,242,vadi
31,242,vadi
46,242,vadi
50,242,vadi
52,242,vadi
56,242,vadi
57,242,vadi
63,242,vadi
70,242,vadi
88,242,vadi
107,242,vadi
114,242,vadi
126,242,vadi
128,242,vadi
150,242,vadi
152,242,vadi
173,242,vadi
177,242,vadi
186,242,vadi
197,242,vadi
204,242,vadi
222,242,vadi
232,242,vadi
235,242,vadi
237,242,vadi
236,242,vadi
10,242,samvadi
29,242,samvadi
46,242,samvadi
51,242,samvadi
54,242,samvadi
55,242,samvadi
74,242,samvadi
78,242,samvadi
98,242,samvadi
102,242,samvadi
187,242,samvadi
212,242,samvadi
10,242,a2
12,242,a2
33,242,a2
38,242,a2
43,242,a2
45,242,a2
70,242,a2
80,242,a2
84,242,a2
86,242,a2
93,242,a2
102,242,a2
104,242,a2
109,242,a2
115,242,a2
116,242,a2
120,242,a2
126,242,a2
132,242,a2
137,242,a2
141,242,a2
142,242,a2
147,242,a2
148,242,a2
171,242,a2
175,242,a2
197,242,a2
207,242,a2
212,242,a2
222,242,a2
229,242,a2
7,242,a3
8,242,a3
11,242,a3
13,242,a3
14,242,a3
15,242,a3
17,242,a3
29,242,a3
30,242,a3
35,242,a3
40,242,a3
46,242,a3
50,242,a3
52,242,a3
54,242,a3
55,242,a3
56,242,a3
57,242,a3
58,242,a3
60,242,a3
63,242,a3
65,242,a3
66,242,a3
67,242,a3
74,242,a3
76,242,a3
79,242,a3
87,242,a3
88,242,a3
91,242,a3
97,242,a3
98,242,a3
99,242,a3
100,242,a3
107,242,a3
108,242,a3
111,242,a3
113,242,a3
118,242,a3
121,242,a3
123,242,a3
128,242,a3
131,242,a3
133,242,a3
134,242,a3
135,242,a3
143,242,a3
150,242,a3
151,242,a3
152,242,a3
153,242,a3
157,242,a3
160,242,a3
161,242,a3
163,242,a3
162,242,a3
166,242,a3
167,242,a3
168,242,a3
169,242,a3
173,242,a3
174,242,a3
176,242,a3
177,242,a3
178,242,a3
179,242,a3
180,242,a3
181,242,a3
182,242,a3
183,242,a3
184,242,a3
185,242,a3
186,242,a3
187,242,a3
191,242,a3
199,242,a3
203,242,a3
204,242,a3
205,242,a3
214,242,a3
220,242,a3
223,242,a3
226,242,a3
230,242,a3
231,242,a3
232,242,a3
234,242,a3
235,242,a3
237,242,a3
236,242,a3
10,242,a4
31,242,a4
41,242,a4
51,242,a4
93,242,a4
105,242,a4
132,242,a4
191,242,a4
192,242,a4
198,242,a4
38,242,a5
55,242,a5
93,242,a5
164,242,a5
186,242,a5
207,242,a5
215,242,a5
31,242,a6
88,242,a6
134,242,a6
135,242,a6
174,242,a6
183,242,a6
184,242,a6
191,242,a6
41,242,a7
42,242,a7
66,242,a7
101,242,a7
133,242,a7
144,242,a7
152,242,a7
174,242,a7
224,242,a7
146,242,a8
229,242,a8
144,242,a9
224,242,a9
41,242,a11
50,242,d4
52,242,d4
54,242,d4
99,242,d4
101,242,d4
185,242,d4
197,242,d4
231,242,d4
12,242,d5
29,242,d5
34,242,d5
45,242,d5
46,242,d5
51,242,d5
60,242,d5
72,242,d5
102,242,d5
104,242,d5
108,242,d5
111,242,d5
113,242,d5
115,242,d5
120,242,d5
141,242,d5
147,242,d5
153,242,d5
162,242,d5
165,242,d5
177,242,d5
181,242,d5
182,242,d5
203,242,d5
215,242,d5
226,242,d5
2,242,d6
7,242,d6
9,242,d6
11,242,d6
13,242,d6
14,242,d6
15,242,d6
18,242,d6
20,242,d6
28,242,d6
30,242,d6
33,242,d6
35,242,d6
38,242,d6
40,242,d6
63,242,d6
65,242,d6
70,242,d6
74,242,d6
80,242,d6
88,242,d6
89,242,d6
105,242,d6
107,242,d6
114,242,d6
121,242,d6
123,242,d6
126,242,d6
128,242,d6
132,242,d6
133,242,d6
143,242,d6
146,242,d6
148,242,d6
150,242,d6
152,242,d6
157,242,d6
161,242,d6
163,242,d6
164,242,d6
171,242,d6
173,242,d6
176,242,d6
179,242,d6
193,242,d6
194,242,d6
197,242,d6
212,242,d6
220,242,d6
222,242,d6
224,242,d6
229,242,d6
230,242,d6
232,242,d6
234,242,d6
235,242,d6
236,242,d6
31,242,d7
37,242,d7
41,242,d7
55,242,d7
56,242,d7
66,242,d7
69,242,d7
76,242,d7
79,242,d7
86,242,d7
98,242,d7
101,242,d7
111,242,d7
117,242,d7
120,242,d7
127,242,d7
166,242,d7
168,242,d7
177,242,d7
192,242,d7
204,242,d7
207,242,d7
208,242,d7
210,242,d7
10,242,d8
17,242,d8
28,242,d8
33,242,d8
40,242,d8
80,242,d8
91,242,d8
93,242,d8
107,242,d8
114,242,d8
118,242,d8
131,242,d8
144,242,d8
146,242,d8
151,242,d8
152,242,d8
176,242,d8
178,242,d8
179,242,d8
180,242,d8
212,242,d8
215,242,d8
220,242,d8
221,242,d8
229,242,d8
232,242,d8
234,242,d8
235,242,d8
236,242,d8
31,242,d9
36,242,d9
38,242,d9
41,242,d9
43,242,d9
56,242,d9
57,242,d9
73,242,d9
80,242,d9
87,242,d9
88,242,d9
93,242,d9
109,242,d9
122,242,d9
132,242,d9
161,242,d9
173,242,d9
186,242,d9
187,242,d9
202,242,d9
214,242,d9
28,242,d10
42,242,d10
116,242,d10
137,242,d10
161,242,d10
167,242,d10
172,242,d10
174,242,d10
180,242,d10
184,242,d10
191,242,d10
198,242,d10
209,242,d10
222,242,d10
232,242,d10
237,242,d10
36,242,d11
57,242,d11
73,242,d11
90,242,d11
94,242,d11
142,242,d11
162,242,d11
173,242,d11
178,242,d11
221,242,d11
80,242,d12
88,242,d12
122,242,d12
134,242,d12
135,242,d12
137,242,d12
174,242,d12
186,242,d12
191,242,d12
237,242,d12
76,242,d13
79,242,d13
90,242,d13
94,242,d13
142,242,d13
162,242,d13
78,242,d14
80,242,d14
134,242,d14
135,242,d14
174,242,d14
186,242,d14
237,242,d14
76,242,d15
79,242,d15
76,242,d16
79,242,d16
3,243,vadi
4,243,vadi
5,243,vadi
7,243,vadi
9,243,vadi
8,243,vadi
13,243,vadi
14,243,vadi
15,243,vadi
17,243,vadi
18,243,vadi
25,243,vadi
26,243,vadi
27,243,vadi
36,243,vadi
40,243,vadi
42,243,vadi
44,243,vadi
45,243,vadi
60,243,vadi
61,243,vadi
64,243,vadi
77,243,vadi
83,243,vadi
87,243,vadi
93,243,vadi
104,243,vadi
106,243,vadi
110,243,vadi
113,243,vadi
115,243,vadi
117,243,vadi
116,243,vadi
118,243,vadi
124,243,vadi
123,243,vadi
125,243,vadi
132,243,vadi
133,243,vadi
134,243,vadi
135,243,vadi
142,243,vadi
143,243,vadi
145,243,vadi
146,243,vadi
148,243,vadi
149,243,vadi
157,243,vadi
160,243,vadi
161,243,vadi
166,243,vadi
174,243,vadi
175,243,vadi
181,243,vadi
182,243,vadi
183,243,vadi
205,243,vadi
207,243,vadi
209,243,vadi
215,243,vadi
214,243,vadi
218,243,vadi
219,243,vadi
226,243,vadi
2,243,samvadi
92,243,samvadi
171,243,samvadi
28,243,a2
61,243,a2
77,243,a2
123,243,a2
125,243,a2
155,243,a2
166,243,a2
201,243,a2
234,243,a2
2,243,a3
16,243,a3
18,243,a3
19,243,a3
20,243,a3
22,243,a3
21,243,a3
23,243,a3
24,243,a3
26,243,a3
28,243,a3
27,243,a3
32,243,a3
34,243,a3
37,243,a3
38,243,a3
43,243,a3
45,243,a3
47,243,a3
64,243,a3
70,243,a3
75,243,a3
78,243,a3
77,243,a3
83,243,a3
84,243,a3
85,243,a3
86,243,a3
89,243,a3
92,243,a3
96,243,a3
104,243,a3
112,243,a3
114,243,a3
115,243,a3
117,243,a3
116,243,a3
124,243,a3
125,243,a3
126,243,a3
127,243,a3
136,243,a3
137,243,a3
138,243,a3
139,243,a3
142,243,a3
145,243,a3
148,243,a3
156,243,a3
159,243,a3
165,243,a3
171,243,a3
175,243,a3
188,243,a3
193,243,a3
194,243,a3
202,243,a3
207,243,a3
208,243,a3
209,243,a3
210,243,a3
211,243,a3
213,243,a3
217,243,a3
219,243,a3
221,243,a3
222,243,a3
225,243,a3
4,243,a4
5,243,a4
7,243,a4
9,243,a4
8,243,a4
11,243,a4
13,243,a4
14,243,a4
15,243,a4
17,243,a4
25,243,a4
26,243,a4
29,243,a4
30,243,a4
36,243,a4
35,243,a4
39,243,a4
44,243,a4
56,243,a4
57,243,a4
59,243,a4
60,243,a4
65,243,a4
66,243,a4
67,243,a4
68,243,a4
69,243,a4
73,243,a4
81,243,a4
82,243,a4
87,243,a4
91,243,a4
98,243,a4
100,243,a4
103,243,a4
106,243,a4
110,243,a4
113,243,a4
118,243,a4
119,243,a4
121,243,a4
122,243,a4
123,243,a4
130,243,a4
133,243,a4
134,243,a4
135,243,a4
143,243,a4
146,243,a4
149,243,a4
151,243,a4
157,243,a4
160,243,a4
161,243,a4
163,243,a4
162,243,a4
170,243,a4
168,243,a4
169,243,a4
172,243,a4
174,243,a4
182,243,a4
183,243,a4
184,243,a4
187,243,a4
196,243,a4
199,243,a4
201,243,a4
205,243,a4
215,243,a4
216,243,a4
218,243,a4
223,243,a4
226,243,a4
227,243,a4
228,243,a4
230,243,a4
23,243,a5
29,243,a5
36,243,a5
40,243,a5
41,243,a5
42,243,a5
51,243,a5
62,243,a5
75,243,a5
88,243,a5
97,243,a5
105,243,a5
110,243,a5
124,243,a5
129,243,a5
155,243,a5
161,243,a5
192,243,a5
195,243,a5
198,243,a5
217,243,a5
227,243,a5
14,243,a6
28,243,a6
38,243,a6
40,243,a6
78,243,a6
93,243,a6
97,243,a6
106,243,a6
123,243,a6
132,243,a6
133,243,a6
152,243,a6
156,243,a6
207,243,a6
210,243,a6
234,243,a6
26,243,a7
87,243,a7
146,243,a7
183,243,a7
184,243,a7
191,243,a7
218,243,a7
229,243,a7
66,243,a8
93,243,a8
101,243,a8
174,243,a8
201,243,a8
186,243,a10
195,243,a11
4,243,d3
5,243,d3
19,243,d4
21,243,d4
23,243,d4
24,243,d4
25,243,d4
26,243,d4
27,243,d4
29,243,d4
30,243,d4
45,243,d4
46,243,d4
51,243,d4
59,243,d4
60,243,d4
62,243,d4
67,243,d4
82,243,d4
92,243,d4
96,243,d4
104,243,d4
106,243,d4
110,243,d4
113,243,d4
115,243,d4
124,243,d4
138,243,d4
139,243,d4
145,243,d4
149,243,d4
155,243,d4
165,243,d4
181,243,d4
182,243,d4
205,243,d4
214,243,d4
218,243,d4
219,243,d4
222,243,d4
226,243,d4
2,243,d5
7,243,d5
9,243,d5
8,243,d5
11,243,d5
13,243,d5
14,243,d5
15,243,d5
18,243,d5
20,243,d5
32,243,d5
35,243,d5
37,243,d5
39,243,d5
40,243,d5
44,243,d5
47,243,d5
58,243,d5
65,243,d5
70,243,d5
78,243,d5
81,243,d5
83,243,d5
84,243,d5
86,243,d5
87,243,d5
89,243,d5
100,243,d5
101,243,d5
105,243,d5
112,243,d5
114,243,d5
119,243,d5
121,243,d5
123,243,d5
126,243,d5
128,243,d5
130,243,d5
132,243,d5
133,243,d5
136,243,d5
143,243,d5
148,243,d5
157,243,d5
160,243,d5
161,243,d5
163,243,d5
159,243,d5
164,243,d5
171,243,d5
169,243,d5
172,243,d5
174,243,d5
175,243,d5
183,243,d5
188,243,d5
193,243,d5
194,243,d5
196,243,d5
198,243,d5
199,243,d5
213,243,d5
223,243,d5
228,243,d5
230,243,d5
234,243,d5
22,243,d6
23,243,d6
41,243,d6
43,243,d6
64,243,d6
71,243,d6
75,243,d6
76,243,d6
79,243,d6
90,243,d6
91,243,d6
94,243,d6
103,243,d6
106,243,d6
115,243,d6
117,243,d6
118,243,d6
124,243,d6
127,243,d6
129,243,d6
156,243,d6
162,243,d6
170,243,d6
168,243,d6
174,243,d6
181,243,d6
182,243,d6
192,243,d6
195,243,d6
201,243,d6
210,243,d6
211,243,d6
215,243,d6
216,243,d6
217,243,d6
219,243,d6
225,243,d6
227,243,d6
14,243,d7
17,243,d7
26,243,d7
27,243,d7
30,243,d7
38,243,d7
68,243,d7
77,243,d7
85,243,d7
87,243,d7
88,243,d7
92,243,d7
93,243,d7
97,243,d7
107,243,d7
116,243,d7
123,243,d7
131,243,d7
143,243,d7
151,243,d7
154,243,d7
171,243,d7
173,243,d7
183,243,d7
188,243,d7
198,243,d7
206,243,d7
218,243,d7
221,243,d7
222,243,d7
235,243,d7
236,243,d7
25,243,d8
41,243,d8
42,243,d8
43,243,d8
47,243,d8
56,243,d8
61,243,d8
73,243,d8
98,243,d8
100,243,d8
101,243,d8
132,243,d8
201,243,d8
208,243,d8
210,243,d8
214,243,d8
217,243,d8
91,243,d9
92,243,d9
116,243,d9
118,243,d9
129,243,d9
136,243,d9
146,243,d9
156,243,d9
167,243,d9
171,243,d9
172,243,d9
174,243,d9
183,243,d9
191,243,d9
195,243,d9
198,243,d9
216,243,d9
222,243,d9
232,243,d9
22,243,d10
38,243,d10
57,243,d10
68,243,d10
122,243,d10
124,243,d10
142,243,d10
162,243,d10
201,243,d10
211,243,d10
227,243,d10
22,243,d11
88,243,d11
134,243,d11
135,243,d11
137,243,d11
154,243,d11
161,243,d11
172,243,d11
184,243,d11
198,243,d11
209,243,d11
211,243,d11
237,243,d11
142,243,d12
162,243,d12
234,243,d12
116,243,d13
122,243,d13
76,243,d14
79,243,d14
142,243,d14
78,243,d15
125,243,d15
146,243,d15
125,243,d17
62,244,vadi
3,244,a3
12,244,a3
33,244,a3
61,244,a3
71,244,a3
72,244,a3
80,244,a3
90,244,a3
94,244,a3
102,244,a3
189,244,a3
212,244,a3
229,244,a3
1,244,a4
6,244,a4
48,244,a4
55,244,a4
61,244,a4
95,244,a4
107,244,a4
140,244,a4
147,244,a4
150,244,a4
152,244,a4
153,244,a4
158,244,a4
166,244,a4
167,244,a4
173,244,a4
176,244,a4
177,244,a4
178,244,a4
179,244,a4
180,244,a4
181,244,a4
186,244,a4
190,244,a4
206,244,a4
214,244,a4
232,244,a4
233,244,a4
235,244,a4
236,244,a4
90,244,a5
94,244,a5
106,244,a5
125,244,a5
133,244,a5
134,244,a5
135,244,a5
151,244,a5
174,244,a5
209,244,a5
226,244,a5
234,244,a5
17,244,a6
186,244,a6
134,244,a7
135,244,a7
31,244,a8
41,244,a8
42,244,a8
88,244,a8
133,244,a8
144,244,a8
152,244,a8
166,244,a9
229,244,a9
41,244,a10
144,244,a10
146,244,a10
41,244,a12
146,244,a12
141,244,d3
226,244,d3
8,244,d4
12,244,d4
55,244,d4
71,244,d4
72,244,d4
88,244,d4
95,244,d4
102,244,d4
133,244,d4
146,244,d4
147,244,d4
153,244,d4
166,244,d4
177,244,d4
212,244,d4
233,244,d4
234,244,d4
1,244,d5
3,244,d5
5,244,d5
28,244,d5
33,244,d5
41,244,d5
48,244,d5
56,244,d5
63,244,d5
69,244,d5
80,244,d5
98,244,d5
106,244,d5
107,244,d5
122,244,d5
125,244,d5
140,244,d5
150,244,d5
151,244,d5
152,244,d5
158,244,d5
167,244,d5
173,244,d5
176,244,d5
179,244,d5
180,244,d5
184,244,d5
189,244,d5
190,244,d5
206,244,d5
208,244,d5
220,244,d5
229,244,d5
232,244,d5
235,244,d5
236,244,d5
6,244,d6
31,244,d6
36,244,d6
55,244,d6
166,244,d6
177,244,d6
202,244,d6
204,244,d6
207,244,d6
10,244,d7
28,244,d7
33,244,d7
61,244,d7
80,244,d7
144,244,d7
152,244,d7
178,244,d7
180,244,d7
189,244,d7
212,244,d7
213,244,d7
229,244,d7
36,244,d8
66,244,d8
69,244,d8
90,244,d8
94,244,d8
134,244,d8
135,244,d8
174,244,d8
202,244,d8
10,244,d9
28,244,d9
69,244,d9
144,244,d9
178,244,d9
189,244,d9
209,244,d9
215,244,d9
237,244,d9
36,244,d10
80,244,d10
90,244,d10
94,244,d10
134,244,d10
135,244,d10
173,244,d10
186,244,d10
125,244,d11
140,244,d11
80,244,d13
134,244,d13
135,244,d13
174,244,d13
186,244,d13
12,245,vadi
16,245,vadi
19,245,vadi
35,245,vadi
39,245,vadi
41,245,vadi
65,245,vadi
69,245,vadi
71,245,vadi
75,245,vadi
80,245,vadi
81,245,vadi
90,245,vadi
94,245,vadi
97,245,vadi
100,245,vadi
103,245,vadi
108,245,vadi
109,245,vadi
119,245,vadi
120,245,vadi
121,245,vadi
122,245,vadi
129,245,vadi
130,245,vadi
140,245,vadi
141,245,vadi
158,245,vadi
163,245,vadi
159,245,vadi
162,245,vadi
165,245,vadi
170,245,vadi
172,245,vadi
178,245,vadi
180,245,vadi
184,245,vadi
189,245,vadi
190,245,vadi
193,245,vadi
194,245,vadi
195,245,vadi
196,245,vadi
198,245,vadi
200,245,vadi
201,245,vadi
203,245,vadi
210,245,vadi
216,245,vadi
217,245,vadi
220,245,vadi
225,245,vadi
230,245,vadi
6,245,samvadi
22,245,samvadi
23,245,samvadi
24,245,samvadi
28,245,samvadi
32,245,samvadi
33,245,samvadi
37,245,samvadi
43,245,samvadi
59,245,samvadi
66,245,samvadi
67,245,samvadi
68,245,samvadi
72,245,samvadi
73,245,samvadi
76,245,samvadi
79,245,samvadi
84,245,samvadi
89,245,samvadi
91,245,samvadi
99,245,samvadi
101,245,samvadi
105,245,samvadi
111,245,samvadi
127,245,samvadi
131,245,samvadi
136,245,samvadi
137,245,samvadi
138,245,samvadi
139,245,samvadi
144,245,samvadi
147,245,samvadi
154,245,samvadi
155,245,samvadi
156,245,samvadi
164,245,samvadi
167,245,samvadi
168,245,samvadi
169,245,samvadi
176,245,samvadi
179,245,samvadi
185,245,samvadi
188,245,samvadi
191,245,samvadi
192,245,samvadi
202,245,samvadi
206,245,samvadi
208,245,samvadi
211,245,samvadi
221,245,samvadi
224,245,samvadi
227,245,samvadi
229,245,samvadi
233,245,samvadi
101,245,a1
164,245,a1
101,245,a3
109,245,a3
120,245,a3
122,245,a3
141,245,a3
147,245,a3
154,245,a3
192,245,a3
197,245,a3
2,245,a4
3,245,a4
12,245,a4
16,245,a4
18,245,a4
19,245,a4
20,245,a4
22,245,a4
21,245,a4
24,245,a4
28,245,a4
32,245,a4
34,245,a4
37,245,a4
38,245,a4
43,245,a4
47,245,a4
46,245,a4
49,245,a4
50,245,a4
52,245,a4
53,245,a4
54,245,a4
58,245,a4
63,245,a4
71,245,a4
70,245,a4
72,245,a4
74,245,a4
75,245,a4
78,245,a4
76,245,a4
77,245,a4
79,245,a4
83,245,a4
84,245,a4
85,245,a4
86,245,a4
89,245,a4
90,245,a4
94,245,a4
96,245,a4
99,245,a4
104,245,a4
108,245,a4
109,245,a4
111,245,a4
112,245,a4
114,245,a4
115,245,a4
117,245,a4
116,245,a4
125,245,a4
126,245,a4
127,245,a4
128,245,a4
131,245,a4
136,245,a4
137,245,a4
138,245,a4
139,245,a4
155,245,a4
159,245,a4
165,245,a4
171,245,a4
175,245,a4
185,245,a4
188,245,a4
189,245,a4
193,245,a4
194,245,a4
200,245,a4
202,245,a4
203,245,a4
204,245,a4
207,245,a4
208,245,a4
210,245,a4
211,245,a4
213,245,a4
219,245,a4
220,245,a4
221,245,a4
222,245,a4
225,245,a4
231,245,a4
234,245,a4
237,245,a4
6,245,a5
7,245,a5
9,245,a5
10,245,a5
13,245,a5
14,245,a5
15,245,a5
17,245,a5
26,245,a5
30,245,a5
35,245,a5
39,245,a5
44,245,a5
48,245,a5
56,245,a5
57,245,a5
59,245,a5
61,245,a5
65,245,a5
66,245,a5
67,245,a5
68,245,a5
73,245,a5
81,245,a5
82,245,a5
91,245,a5
100,245,a5
103,245,a5
118,245,a5
119,245,a5
121,245,a5
122,245,a5
123,245,a5
130,245,a5
132,245,a5
140,245,a5
150,245,a5
152,245,a5
156,245,a5
157,245,a5
158,245,a5
160,245,a5
163,245,a5
162,245,a5
167,245,a5
170,245,a5
168,245,a5
169,245,a5
172,245,a5
180,245,a5
182,245,a5
183,245,a5
184,245,a5
187,245,a5
190,245,a5
196,245,a5
199,245,a5
201,245,a5
206,245,a5
205,245,a5
214,245,a5
216,245,a5
218,245,a5
223,245,a5
228,245,a5
230,245,a5
233,245,a5
23,245,a6
36,245,a6
41,245,a6
42,245,a6
47,245,a6
55,245,a6
71,245,a6
75,245,a6
87,245,a6
105,245,a6
108,245,a6
109,245,a6
110,245,a6
125,245,a6
129,245,a6
136,245,a6
151,245,a6
155,245,a6
162,245,a6
164,245,a6
185,245,a6
192,245,a6
195,245,a6
198,245,a6
209,245,a6
217,245,a6
220,245,a6
227,245,a6
6,245,a7
14,245,a7
17,245,a7
31,245,a7
78,245,a7
88,245,a7
93,245,a7
97,245,a7
109,245,a7
120,245,a7
121,245,a7
122,245,a7
132,245,a7
156,245,a7
161,245,a7
168,245,a7
186,245,a7
189,245,a7
201,245,a7
207,245,a7
210,245,a7
216,245,a7
223,245,a7
87,245,a8
183,245,a8
191,245,a8
217,245,a8
218,245,a8
224,245,a8
234,245,a8
93,245,a9
101,245,a9
146,245,a9
152,245,a9
174,245,a9
186,245,a9
201,245,a9
66,245,a10
88,245,a10
195,245,a10
224,245,a10
66,245,a11
101,245,a11
144,245,a11
195,245,a12
224,245,a12
146,245,a13
195,245,a14
75,245,d2
108,245,d2
109,245,d2
141,245,d2
221,245,d2
12,245,d3
21,245,d3
23,245,d3
24,245,d3
26,245,d3
30,245,d3
37,245,d3
49,245,d3
50,245,d3
52,245,d3
54,245,d3
59,245,d3
67,245,d3
71,245,d3
72,245,d3
74,245,d3
82,245,d3
83,245,d3
88,245,d3
96,245,d3
99,245,d3
101,245,d3
104,245,d3
109,245,d3
110,245,d3
115,245,d3
138,245,d3
139,245,d3
147,245,d3
155,245,d3
165,245,d3
182,245,d3
185,245,d3
197,245,d3
200,245,d3
205,245,d3
218,245,d3
222,245,d3
225,245,d3
231,245,d3
233,245,d3
234,245,d3
1,245,d4
2,245,d4
3,245,d4
6,245,d4
7,245,d4
9,245,d4
11,245,d4
13,245,d4
14,245,d4
15,245,d4
16,245,d4
18,245,d4
20,245,d4
22,245,d4
28,245,d4
32,245,d4
33,245,d4
36,245,d4
34,245,d4
35,245,d4
39,245,d4
40,245,d4
44,245,d4
47,245,d4
48,245,d4
53,245,d4
56,245,d4
57,245,d4
61,245,d4
63,245,d4
65,245,d4
69,245,d4
70,245,d4
75,245,d4
78,245,d4
76,245,d4
79,245,d4
80,245,d4
81,245,d4
84,245,d4
86,245,d4
87,245,d4
89,245,d4
90,245,d4
93,245,d4
94,245,d4
97,245,d4
98,245,d4
100,245,d4
103,245,d4
105,245,d4
107,245,d4
108,245,d4
111,245,d4
112,245,d4
114,245,d4
117,245,d4
119,245,d4
120,245,d4
121,245,d4
122,245,d4
123,245,d4
125,245,d4
126,245,d4
127,245,d4
128,245,d4
130,245,d4
132,245,d4
136,245,d4
137,245,d4
140,245,d4
141,245,d4
142,245,d4
143,245,d4
148,245,d4
150,245,d4
151,245,d4
152,245,d4
157,245,d4
158,245,d4
160,245,d4
161,245,d4
163,245,d4
159,245,d4
162,245,d4
164,245,d4
167,245,d4
171,245,d4
169,245,d4
172,245,d4
173,245,d4
174,245,d4
175,245,d4
176,245,d4
179,245,d4
180,245,d4
183,245,d4
184,245,d4
187,245,d4
188,245,d4
189,245,d4
190,245,d4
191,245,d4
192,245,d4
193,245,d4
194,245,d4
196,245,d4
198,245,d4
199,245,d4
201,245,d4
203,245,d4
204,245,d4
206,245,d4
207,245,d4
208,245,d4
209,245,d4
211,245,d4
215,245,d4
220,245,d4
223,245,d4
224,245,d4
227,245,d4
228,245,d4
229,245,d4
230,245,d4
232,245,d4
235,245,d4
237,245,d4
236,245,d4
23,245,d5
25,245,d5
26,245,d5
27,245,d5
30,245,d5
38,245,d5
42,245,d5
66,245,d5
67,245,d5
71,245,d5
74,245,d5
76,245,d5
77,245,d5
79,245,d5
88,245,d5
91,245,d5
109,245,d5
118,245,d5
124,245,d5
129,245,d5
144,245,d5
146,245,d5
170,245,d5
168,245,d5
195,245,d5
197,245,d5
204,245,d5
210,245,d5
216,245,d5
217,245,d5
218,245,d5
219,245,d5
221,245,d5
222,245,d5
224,245,d5
225,245,d5
10,245,d6
17,245,d6
32,245,d6
37,245,d6
53,245,d6
56,245,d6
61,245,d6
68,245,d6
69,245,d6
73,245,d6
78,245,d6
85,245,d6
86,245,d6
87,245,d6
93,245,d6
98,245,d6
100,245,d6
101,245,d6
109,245,d6
111,245,d6
120,245,d6
122,245,d6
125,245,d6
131,245,d6
134,245,d6
135,245,d6
136,245,d6
137,245,d6
140,245,d6
154,245,d6
167,245,d6
172,245,d6
178,245,d6
180,245,d6
183,245,d6
184,245,d6
186,245,d6
196,245,d6
206,245,d6
208,245,d6
213,245,d6
22,245,d7
36,245,d7
42,245,d7
47,245,d7
57,245,d7
75,245,d7
90,245,d7
91,245,d7
94,245,d7
129,245,d7
132,245,d7
146,245,d7
156,245,d7
170,245,d7
186,245,d7
195,245,d7
201,245,d7
211,245,d7
215,245,d7
214,245,d7
216,245,d7
220,245,d7
227,245,d7
234,245,d7
31,245,d8
38,245,d8
68,245,d8
92,245,d8
109,245,d8
116,245,d8
122,245,d8
154,245,d8
167,245,d8
171,245,d8
172,245,d8
187,245,d8
189,245,d8
191,245,d8
198,245,d8
209,245,d8
222,245,d8
237,245,d8
42,245,d9
100,245,d9
137,245,d9
142,245,d9
162,245,d9
184,245,d9
210,245,d9
234,245,d9
125,245,d10
140,245,d10
164,245,d10
122,245,d11
125,245,d12
172,245,d12
69,245,d13
88,245,d13
125,245,d14
146,245,d14
78,245,d16
125,245,d16
146,245,d16
1,246,vadi
20,246,vadi
21,246,vadi
30,246,vadi
38,246,vadi
47,246,vadi
49,246,vadi
53,246,vadi
54,246,vadi
58,246,vadi
78,246,vadi
85,246,vadi
95,246,vadi
96,246,vadi
112,246,vadi
199,246,vadi
223,246,vadi
231,246,vadi
48,246,samvadi
33,246,a4
64,246,a4
80,246,a4
142,246,a4
144,246,a4
145,246,a4
229,246,a4
1,246,a5
19,246,a5
20,246,a5
21,246,a5
47,246,a5
46,246,a5
49,246,a5
53,246,a5
54,246,a5
58,246,a5
69,246,a5
72,246,a5
78,246,a5
77,246,a5
85,246,a5
95,246,a5
96,246,a5
112,246,a5
117,246,a5
147,246,a5
173,246,a5
178,246,a5
185,246,a5
193,246,a5
194,246,a5
220,246,a5
231,246,a5
236,246,a5
30,246,a6
35,246,a6
39,246,a6
62,246,a6
65,246,a6
68,246,a6
90,246,a6
94,246,a6
116,246,a6
118,246,a6
121,246,a6
124,246,a6
130,246,a6
163,246,a6
167,246,a6
180,246,a6
199,246,a6
201,246,a6
223,246,a6
230,246,a6
38,246,a7
47,246,a7
129,246,a7
151,246,a7
198,246,a7
227,246,a7
78,246,a8
121,246,a8
123,246,a8
184,246,a8
186,246,a8
198,246,a8
133,246,a9
93,246,a10
174,246,a10
229,246,a10
201,246,a11
224,246,a11
201,246,a13
6,246,d2
21,246,d2
30,246,d2
49,246,d2
54,246,d2
69,246,d2
72,246,d2
96,246,d2
185,246,d2
215,246,d2
231,246,d2
233,246,d2
1,246,d3
3,246,d3
15,246,d3
19,246,d3
28,246,d3
33,246,d3
35,246,d3
39,246,d3
47,246,d3
46,246,d3
48,246,d3
53,246,d3
62,246,d3
65,246,d3
69,246,d3
78,246,d3
77,246,d3
80,246,d3
85,246,d3
89,246,d3
90,246,d3
94,246,d3
95,246,d3
112,246,d3
117,246,d3
116,246,d3
121,246,d3
124,246,d3
130,246,d3
133,246,d3
142,246,d3
145,246,d3
151,246,d3
154,246,d3
158,246,d3
160,246,d3
167,246,d3
173,246,d3
174,246,d3
180,246,d3
184,246,d3
193,246,d3
194,246,d3
198,246,d3
199,246,d3
201,246,d3
215,246,d3
220,246,d3
223,246,d3
224,246,d3
227,246,d3
229,246,d3
38,246,d4
58,246,d4
68,246,d4
118,246,d4
144,246,d4
154,246,d4
22,246,d5
36,246,d5
64,246,d5
75,246,d5
85,246,d5
90,246,d5
93,246,d5
94,246,d5
117,246,d5
178,246,d5
186,246,d5
201,246,d5
202,246,d5
211,246,d5
227,246,d5
47,246,d6
77,246,d6
116,246,d6
214,246,d6
167,246,d7
172,246,d7
174,246,d7
184,246,d7
202,246,d7
184,246,d8
90,246,d9
94,246,d9
134,246,d9
135,246,d9
69,246,d10
69,246,d12
10,247,vadi
29,247,vadi
34,247,vadi
51,247,vadi
55,247,vadi
74,247,vadi
98,247,vadi
102,247,vadi
187,247,vadi
212,247,vadi
228,247,vadi
11,247,samvadi
31,247,samvadi
50,247,samvadi
52,247,samvadi
88,247,samvadi
128,247,samvadi
151,247,samvadi
153,247,samvadi
204,247,samvadi
213,247,samvadi
237,247,samvadi
101,247,a2
164,247,a2
27,247,a4
45,247,a4
92,247,a4
102,247,a4
120,247,a4
148,247,a4
212,247,a4
2,247,a5
4,247,a5
5,247,a5
8,247,a5
11,247,a5
18,247,a5
22,247,a5
25,247,a5
32,247,a5
34,247,a5
37,247,a5
50,247,a5
52,247,a5
60,247,a5
63,247,a5
71,247,a5
70,247,a5
74,247,a5
83,247,a5
84,247,a5
86,247,a5
98,247,a5
107,247,a5
108,247,a5
109,247,a5
111,247,a5
113,247,a5
114,247,a5
126,247,a5
127,247,a5
128,247,a5
131,247,a5
137,247,a5
143,247,a5
149,247,a5
153,247,a5
154,247,a5
159,247,a5
166,247,a5
176,247,a5
177,247,a5
179,247,a5
181,247,a5
197,247,a5
200,247,a5
203,247,a5
204,247,a5
210,247,a5
211,247,a5
232,247,a5
235,247,a5
237,247,a5
7,247,a6
9,247,a6
13,247,a6
15,247,a6
16,247,a6
27,247,a6
29,247,a6
61,247,a6
67,247,a6
76,247,a6
79,247,a6
92,247,a6
102,247,a6
103,247,a6
119,247,a6
120,247,a6
122,247,a6
157,247,a6
160,247,a6
168,247,a6
169,247,a6
187,247,a6
189,247,a6
205,247,a6
215,247,a6
214,247,a6
228,247,a6
233,247,a6
10,247,a7
36,247,a7
40,247,a7
51,247,a7
55,247,a7
106,247,a7
110,247,a7
125,247,a7
153,247,a7
159,247,a7
164,247,a7
166,247,a7
209,247,a7
14,247,a8
17,247,a8
28,247,a8
120,247,a8
132,247,a8
134,247,a8
135,247,a8
195,247,a8
207,247,a8
223,247,a8
26,247,a9
31,247,a9
41,247,a9
42,247,a9
55,247,a9
66,247,a9
88,247,a9
97,247,a9
122,247,a9
156,247,a9
161,247,a9
168,247,a9
189,247,a9
191,247,a9
87,247,a10
101,247,a10
166,247,a10
183,247,a10
146,247,a11
88,247,a12
186,247,a12
41,247,a13
4,247,d2
5,247,d2
14,247,d2
50,247,d2
52,247,d2
74,247,d2
83,247,d2
87,247,d2
88,247,d2
97,247,d2
101,247,d2
110,247,d2
132,247,d2
136,247,d2
161,247,d2
183,247,d2
200,247,d2
2,247,d3
7,247,d3
9,247,d3
8,247,d3
10,247,d3
11,247,d3
13,247,d3
16,247,d3
18,247,d3
20,247,d3
22,247,d3
25,247,d3
27,247,d3
29,247,d3
32,247,d3
36,247,d3
34,247,d3
40,247,d3
44,247,d3
45,247,d3
51,247,d3
55,247,d3
56,247,d3
57,247,d3
60,247,d3
61,247,d3
63,247,d3
70,247,d3
75,247,d3
76,247,d3
79,247,d3
81,247,d3
84,247,d3
86,247,d3
92,247,d3
93,247,d3
98,247,d3
100,247,d3
102,247,d3
103,247,d3
105,247,d3
106,247,d3
107,247,d3
108,247,d3
111,247,d3
113,247,d3
114,247,d3
119,247,d3
120,247,d3
122,247,d3
123,247,d3
125,247,d3
126,247,d3
127,247,d3
128,247,d3
131,247,d3
134,247,d3
135,247,d3
137,247,d3
140,247,d3
143,247,d3
146,247,d3
148,247,d3
149,247,d3
150,247,d3
152,247,d3
153,247,d3
157,247,d3
163,247,d3
159,247,d3
162,247,d3
164,247,d3
166,247,d3
171,247,d3
168,247,d3
169,247,d3
172,247,d3
175,247,d3
176,247,d3
177,247,d3
179,247,d3
181,247,d3
187,247,d3
188,247,d3
189,247,d3
190,247,d3
191,247,d3
192,247,d3
195,247,d3
196,247,d3
203,247,d3
204,247,d3
206,247,d3
207,247,d3
208,247,d3
209,247,d3
211,247,d3
212,247,d3
214,247,d3
216,247,d3
217,247,d3
219,247,d3
228,247,d3
230,247,d3
232,247,d3
235,247,d3
237,247,d3
236,247,d3
37,247,d4
41,247,d4
42,247,d4
66,247,d4
74,247,d4
83,247,d4
91,247,d4
109,247,d4
129,247,d4
156,247,d4
170,247,d4
210,247,d4
213,247,d4
221,247,d4
225,247,d4
10,247,d5
17,247,d5
31,247,d5
43,247,d5
55,247,d5
61,247,d5
73,247,d5
127,247,d5
131,247,d5
134,247,d5
135,247,d5
137,247,d5
142,247,d5
166,247,d5
187,247,d5
191,247,d5
207,247,d5
209,247,d5
212,247,d5
237,247,d5
25,247,d6
42,247,d6
57,247,d6
142,247,d6
221,247,d6
43,247,d7
73,247,d7
83,247,d7
109,247,d7
122,247,d7
125,247,d7
134,247,d7
135,247,d7
140,247,d7
187,247,d7
191,247,d7
209,247,d7
237,247,d7
57,247,d8
74,247,d8
137,247,d8
142,247,d8
162,247,d8
186,247,d8
125,247,d9
140,247,d9
164,247,d9
105,247,d10
111,247,d11
164,247,d11
186,247,d11
84,247,d12
92,247,d12
125,247,d13
146,247,d13
40,247,d14
86,247,d16
3,248,samvadi
82,248,samvadi
86,248,samvadi
157,248,samvadi
234,248,samvadi
26,248,a1
81,248,a1
82,248,a1
91,248,a1
181,248,a1
218,248,a1
129,248,a2
195,248,a2
154,248,a4
16,248,a5
27,248,a5
43,248,a5
92,248,a5
120,248,a5
136,248,a5
138,248,a5
139,248,a5
142,248,a5
145,248,a5
165,248,a5
189,248,a5
225,248,a5
6,248,a6
8,248,a6
21,248,a6
25,248,a6
34,248,a6
44,248,a6
51,248,a6
81,248,a6
82,248,a6
85,248,a6
91,248,a6
111,248,a6
112,248,a6
159,248,a6
181,248,a6
182,248,a6
196,248,a6
216,248,a6
218,248,a6
226,248,a6
7,248,a7
9,248,a7
28,248,a7
35,248,a7
39,248,a7
62,248,a7
65,248,a7
68,248,a7
75,248,a7
103,248,a7
119,248,a7
124,248,a7
155,248,a7
157,248,a7
195,248,a7
217,248,a7
228,248,a7
230,248,a7
26,248,a8
47,248,a8
51,248,a8
129,248,a8
156,248,a8
161,248,a8
189,248,a8
227,248,a8
17,248,a9
78,248,a9
87,248,a9
183,248,a9
195,248,a9
223,248,a9
97,248,a10
201,248,a10
201,248,a12
195,248,a13
3,248,d2
7,248,d2
8,248,d2
11,248,d2
16,248,d2
19,248,d2
20,248,d2
22,248,d2
23,248,d2
24,248,d2
25,248,d2
26,248,d2
27,248,d2
32,248,d2
34,248,d2
35,248,d2
39,248,d2
40,248,d2
44,248,d2
47,248,d2
51,248,d2
59,248,d2
62,248,d2
65,248,d2
68,248,d2
70,248,d2
78,248,d2
81,248,d2
82,248,d2
84,248,d2
85,248,d2
86,248,d2
91,248,d2
92,248,d2
100,248,d2
103,248,d2
105,248,d2
111,248,d2
112,248,d2
114,248,d2
115,248,d2
119,248,d2
120,248,d2
124,248,d2
123,248,d2
126,248,d2
127,248,d2
128,248,d2
138,248,d2
139,248,d2
142,248,d2
143,248,d2
145,248,d2
148,248,d2
155,248,d2
159,248,d2
165,248,d2
169,248,d2
172,248,d2
175,248,d2
181,248,d2
182,248,d2
188,248,d2
189,248,d2
190,248,d2
195,248,d2
196,248,d2
198,248,d2
199,248,d2
201,248,d2
207,248,d2
211,248,d2
216,248,d2
217,248,d2
218,248,d2
219,248,d2
222,248,d2
223,248,d2
225,248,d2
226,248,d2
227,248,d2
228,248,d2
6,248,d3
14,248,d3
58,248,d3
87,248,d3
97,248,d3
129,248,d3
132,248,d3
136,248,d3
161,248,d3
183,248,d3
210,248,d3
213,248,d3
221,248,d3
10,248,d4
43,248,d4
73,248,d4
77,248,d4
85,248,d4
131,248,d4
195,248,d4
216,248,d4
217,248,d4
57,248,d5
68,248,d5
116,248,d5
154,248,d5
156,248,d5
191,248,d6
209,248,d6
237,248,d6
138,248,d7
139,248,d7
142,248,d7
162,248,d7
77,248,d8
125,248,d8
140,248,d8
111,248,d10
40,248,d11
69,248,d11
78,248,d11
84,248,d11
92,248,d11
75,248,d12
105,248,d12
146,248,d12
40,248,d13
86,248,d15
56,249,samvadi
57,249,samvadi
63,249,samvadi
70,249,samvadi
107,249,samvadi
114,249,samvadi
126,249,samvadi
150,249,samvadi
152,249,samvadi
173,249,samvadi
177,249,samvadi
186,249,samvadi
197,249,samvadi
222,249,samvadi
232,249,samvadi
235,249,samvadi
236,249,samvadi
25,249,a1
41,249,a1
44,249,a1
56,249,a1
57,249,a1
59,249,a1
73,249,a1
88,249,a1
100,249,a1
105,249,a1
106,249,a1
107,249,a1
124,249,a1
133,249,a1
134,249,a1
135,249,a1
140,249,a1
150,249,a1
152,249,a1
153,249,a1
156,249,a1
158,249,a1
167,249,a1
170,249,a1
172,249,a1
173,249,a1
176,249,a1
177,249,a1
178,249,a1
179,249,a1
186,249,a1
190,249,a1
206,249,a1
232,249,a1
235,249,a1
236,249,a1
31,249,a2
146,249,a2
215,249,a2
144,249,a3
141,249,a4
197,249,a4
12,249,a5
24,249,a5
45,249,a5
64,249,a5
76,249,a5
79,249,a5
80,249,a5
89,249,a5
99,249,a5
102,249,a5
104,249,a5
115,249,a5
116,249,a5
144,249,a5
148,249,a5
171,249,a5
175,249,a5
188,249,a5
202,249,a5
208,249,a5
212,249,a5
213,249,a5
219,249,a5
221,249,a5
222,249,a5
229,249,a5
1,249,a6
10,249,a6
32,249,a6
46,249,a6
48,249,a6
56,249,a6
57,249,a6
59,249,a6
60,249,a6
63,249,a6
69,249,a6
70,249,a6
72,249,a6
73,249,a6
77,249,a6
84,249,a6
86,249,a6
95,249,a6
98,249,a6
100,249,a6
107,249,a6
113,249,a6
126,249,a6
131,249,a6
137,249,a6
140,249,a6
143,249,a6
149,249,a6
150,249,a6
153,249,a6
154,249,a6
158,249,a6
166,249,a6
170,249,a6
172,249,a6
173,249,a6
176,249,a6
177,249,a6
178,249,a6
179,249,a6
190,249,a6
203,249,a6
206,249,a6
232,249,a6
235,249,a6
237,249,a6
236,249,a6
13,249,a7
15,249,a7
16,249,a7
23,249,a7
61,249,a7
67,249,a7
76,249,a7
79,249,a7
90,249,a7
94,249,a7
105,249,a7
116,249,a7
118,249,a7
123,249,a7
130,249,a7
136,249,a7
160,249,a7
163,249,a7
162,249,a7
167,249,a7
169,249,a7
180,249,a7
187,249,a7
192,249,a7
199,249,a7
205,249,a7
215,249,a7
220,249,a7
10,249,a8
36,249,a8
40,249,a8
55,249,a8
106,249,a8
122,249,a8
125,249,a8
151,249,a8
162,249,a8
166,249,a8
168,249,a8
209,249,a8
210,249,a8
14,249,a9
28,249,a9
121,249,a9
123,249,a9
132,249,a9
134,249,a9
135,249,a9
184,249,a9
207,249,a9
234,249,a9
26,249,a10
40,249,a10
133,249,a10
152,249,a10
156,249,a10
161,249,a10
168,249,a10
191,249,a10
87,249,a11
88,249,a11
93,249,a11
174,249,a11
183,249,a11
186,249,a11
229,249,a11
144,249,a12
66,249,a13
41,249,a15
73,249,d1
1,249,d2
2,249,d2
9,249,d2
10,249,d2
12,249,d2
13,249,d2
15,249,d2
18,249,d2
28,249,d2
29,249,d2
31,249,d2
33,249,d2
36,249,d2
37,249,d2
38,249,d2
45,249,d2
46,249,d2
48,249,d2
55,249,d2
56,249,d2
57,249,d2
60,249,d2
61,249,d2
63,249,d2
67,249,d2
71,249,d2
76,249,d2
77,249,d2
79,249,d2
80,249,d2
89,249,d2
90,249,d2
93,249,d2
94,249,d2
95,249,d2
98,249,d2
99,249,d2
102,249,d2
104,249,d2
106,249,d2
107,249,d2
113,249,d2
117,249,d2
116,249,d2
121,249,d2
122,249,d2
125,249,d2
130,249,d2
131,249,d2
133,249,d2
134,249,d2
135,249,d2
137,249,d2
140,249,d2
146,249,d2
147,249,d2
149,249,d2
150,249,d2
151,249,d2
152,249,d2
153,249,d2
156,249,d2
157,249,d2
158,249,d2
160,249,d2
163,249,d2
162,249,d2
164,249,d2
166,249,d2
167,249,d2
170,249,d2
171,249,d2
168,249,d2
173,249,d2
174,249,d2
176,249,d2
177,249,d2
178,249,d2
179,249,d2
180,249,d2
184,249,d2
186,249,d2
187,249,d2
191,249,d2
192,249,d2
193,249,d2
194,249,d2
197,249,d2
202,249,d2
203,249,d2
204,249,d2
206,249,d2
205,249,d2
208,249,d2
209,249,d2
212,249,d2
214,249,d2
220,249,d2
224,249,d2
229,249,d2
230,249,d2
232,249,d2
234,249,d2
235,249,d2
237,249,d2
236,249,d2
41,249,d3
42,249,d3
66,249,d3
118,249,d3
144,249,d3
17,249,d4
31,249,d4
64,249,d4
134,249,d4
135,249,d4
168,249,d4
178,249,d4
186,249,d4
202,249,d4
214,249,d5
59,249,d6
144,249,d6
187,249,d6
137,249,d7
105,249,d8
23,249,d9
76,249,d9
79,249,d9
84,249,d9
188,249,d9
206,249,d9
213,249,d9
144,249,d10
76,249,d11
79,249,d11
93,249,d11
73,249,d12
86,249,d12
93,249,d13
100,249,d13
100,249,d14
172,249,d16
3,250,thaat
6,250,thaat
20,250,thaat
22,250,thaat
47,250,thaat
62,250,thaat
65,250,thaat
68,250,thaat
75,250,thaat
78,250,thaat
85,250,thaat
112,250,thaat
116,250,thaat
129,250,thaat
154,250,thaat
157,250,thaat
201,250,thaat
211,250,thaat
223,250,thaat
7,251,thaat
8,251,thaat
13,251,thaat
15,251,thaat
17,251,thaat
30,251,thaat
34,251,thaat
38,251,thaat
41,251,thaat
42,251,thaat
51,251,thaat
77,251,thaat
89,251,thaat
93,251,thaat
96,251,thaat
104,251,thaat
117,251,thaat
118,251,thaat
121,251,thaat
123,251,thaat
163,251,thaat
174,251,thaat
184,251,thaat
193,251,thaat
194,251,thaat
198,251,thaat
215,251,thaat
214,251,thaat
226,251,thaat
227,251,thaat
230,251,thaat
231,251,thaat
9,252,thaat
14,252,thaat
39,252,thaat
40,252,thaat
49,252,thaat
53,252,thaat
58,252,thaat
64,252,thaat
124,252,thaat
142,252,thaat
145,252,thaat
199,252,thaat
2,253,thaat
10,253,thaat
18,253,thaat
29,253,thaat
37,253,thaat
45,253,thaat
56,253,thaat
57,253,thaat
60,253,thaat
67,253,thaat
70,253,thaat
74,253,thaat
76,253,thaat
79,253,thaat
83,253,thaat
99,253,thaat
101,253,thaat
110,253,thaat
113,253,thaat
132,253,thaat
137,253,thaat
160,253,thaat
164,253,thaat
168,253,thaat
187,253,thaat
191,253,thaat
197,253,thaat
205,253,thaat
4,254,thaat
5,254,thaat
24,254,thaat
25,254,thaat
26,254,thaat
27,254,thaat
32,254,thaat
43,254,thaat
44,254,thaat
59,254,thaat
81,254,thaat
82,254,thaat
84,254,thaat
86,254,thaat
97,254,thaat
100,254,thaat
103,254,thaat
106,254,thaat
115,254,thaat
119,254,thaat
136,254,thaat
138,254,thaat
139,254,thaat
143,254,thaat
149,254,thaat
155,254,thaat
156,254,thaat
165,254,thaat
170,254,thaat
171,254,thaat
169,254,thaat
172,254,thaat
175,254,thaat
183,254,thaat
190,254,thaat
192,254,thaat
195,254,thaat
196,254,thaat
200,254,thaat
206,254,thaat
210,254,thaat
216,254,thaat
217,254,thaat
218,254,thaat
219,254,thaat
225,254,thaat
233,254,thaat
12,255,thaat
50,255,thaat
52,255,thaat
61,255,thaat
63,255,thaat
66,255,thaat
71,255,thaat
88,255,thaat
98,255,thaat
102,255,thaat
107,255,thaat
109,255,thaat
122,255,thaat
125,255,thaat
141,255,thaat
146,255,thaat
150,255,thaat
152,255,thaat
204,255,thaat
208,255,thaat
234,255,thaat
235,255,thaat
237,255,thaat
236,255,thaat
11,256,thaat
23,256,thaat
73,256,thaat
87,256,thaat
91,256,thaat
92,256,thaat
105,256,thaat
111,256,thaat
114,256,thaat
120,256,thaat
126,256,thaat
127,256,thaat
128,256,thaat
131,256,thaat
148,256,thaat
161,256,thaat
159,256,thaat
162,256,thaat
181,256,thaat
188,256,thaat
189,256,thaat
207,256,thaat
209,256,thaat
213,256,thaat
221,256,thaat
222,256,thaat
31,257,thaat
54,257,thaat
55,257,thaat
108,257,thaat
134,257,thaat
135,257,thaat
153,257,thaat
166,257,thaat
176,257,thaat
177,257,thaat
179,257,thaat
203,257,thaat
212,257,thaat
28,258,thaat
33,258,thaat
36,258,thaat
35,258,thaat
72,258,thaat
80,258,thaat
90,258,thaat
94,258,thaat
133,258,thaat
144,258,thaat
147,258,thaat
151,258,thaat
167,258,thaat
173,258,thaat
178,258,thaat
180,258,thaat
185,258,thaat
186,258,thaat
202,258,thaat
220,258,thaat
224,258,thaat
229,258,thaat
232,258,thaat
1,259,thaat
16,259,thaat
19,259,thaat
21,259,thaat
48,259,thaat
69,259,thaat
95,259,thaat
140,259,thaat
158,259,thaat
182,259,thaat
228,259,thaat
4,260,jati
5,260,jati
12,260,jati
24,260,jati
45,260,jati
49,260,jati
50,260,jati
52,260,jati
53,260,jati
54,260,jati
59,260,jati
64,260,jati
71,260,jati
74,260,jati
77,260,jati
83,260,jati
96,260,jati
99,260,jati
102,260,jati
106,260,jati
108,260,jati
109,260,jati
110,260,jati
115,260,jati
116,260,jati
120,260,jati
138,260,jati
139,260,jati
141,260,jati
145,260,jati
155,260,jati
165,260,jati
166,260,jati
185,260,jati
188,260,jati
200,260,jati
201,260,jati
222,260,jati
226,260,jati
231,260,jati
2,261,jati
3,261,jati
6,261,jati
11,261,jati
14,261,jati
18,261,jati
20,261,jati
22,261,jati
25,261,jati
27,261,jati
29,261,jati
32,261,jati
33,261,jati
43,261,jati
44,261,jati
57,261,jati
58,261,jati
67,261,jati
73,261,jati
75,261,jati
80,261,jati
81,261,jati
89,261,jati
91,261,jati
100,261,jati
114,261,jati
117,261,jati
124,261,jati
128,261,jati
136,261,jati
140,261,jati
148,261,jati
150,261,jati
152,261,jati
158,261,jati
162,261,jati
164,261,jati
170,261,jati
175,261,jati
178,261,jati
190,261,jati
192,261,jati
193,261,jati
194,261,jati
202,261,jati
204,261,jati
208,261,jati
210,261,jati
211,261,jati
213,261,jati
215,261,jati
229,261,jati
16,262,jati
19,262,jati
23,262,jati
56,262,jati
61,262,jati
82,262,jati
92,262,jati
104,262,jati
125,262,jati
142,262,jati
181,262,jati
197,262,jati
206,262,jati
212,262,jati
218,262,jati
219,262,jati
224,262,jati
225,262,jati
234,262,jati
84,263,jati
172,263,jati
10,264,jati
38,264,jati
39,264,jati
41,264,jati
87,264,jati
7,265,jati
9,265,jati
13,265,jati
15,265,jati
17,265,jati
35,265,jati
40,265,jati
42,265,jati
47,265,jati
65,265,jati
68,265,jati
88,265,jati
93,265,jati
97,265,jati
103,265,jati
118,265,jati
119,265,jati
121,265,jati
123,265,jati
129,265,jati
130,265,jati
151,265,jati
157,265,jati
160,265,jati
161,265,jati
163,265,jati
171,265,jati
168,265,jati
169,265,jati
174,265,jati
176,265,jati
179,265,jati
180,265,jati
183,265,jati
184,265,jati
186,265,jati
187,265,jati
191,265,jati
195,265,jati
198,265,jati
199,265,jati
214,265,jati
220,265,jati
227,265,jati
228,265,jati
230,265,jati
232,265,jati
1,266,jati
55,266,jati
156,266,jati
205,266,jati
21,267,jati
31,268,jati
36,268,jati
37,268,jati
48,268,jati
63,268,jati
66,268,jati
69,268,jati
70,268,jati
78,268,jati
76,268,jati
79,268,jati
85,268,jati
86,268,jati
90,268,jati
94,268,jati
98,268,jati
105,268,jati
107,268,jati
112,268,jati
122,268,jati
126,268,jati
127,268,jati
131,268,jati
132,268,jati
134,268,jati
135,268,jati
137,268,jati
143,268,jati
144,268,jati
147,268,jati
154,268,jati
167,268,jati
173,268,jati
196,268,jati
207,268,jati
216,268,jati
217,268,jati
221,268,jati
235,268,jati
237,268,jati
236,268,jati
8,269,jati
26,269,jati
30,269,jati
34,269,jati
46,269,jati
51,269,jati
60,269,jati
62,269,jati
72,269,jati
95,269,jati
101,269,jati
111,269,jati
113,269,jati
133,269,jati
146,269,jati
149,269,jati
153,269,jati
159,269,jati
177,269,jati
182,269,jati
189,269,jati
203,269,jati
209,269,jati
233,269,jati
223,270,jati
28,271,jati
16,272,time
23,272,time
32,272,time
34,272,time
43,272,time
62,272,time
100,272,time
104,272,time
113,272,time
136,272,time
140,272,time
175,272,time
188,272,time
24,273,time
29,273,time
48,273,time
91,273,time
152,273,time
158,273,time
165,273,time
170,273,time
171,273,time
172,273,time
225,273,time
47,274,time
46,274,time
178,274,time
202,274,time
110,275,time
82,276,time
130,277,time
156,278,time
87,279,time
154,279,time
155,279,time
25,280,time
26,280,time
124,280,time
153,281,time
54,282,time
41,283,time
7,284,time
30,284,time
38,284,time
96,284,time
117,284,time
184,284,time
133,285,time
212,285,time
215,285,time
44,286,time
59,286,time
88,286,time
138,286,time
206,286,time
8,287,time
42,287,time
53,287,time
102,287,time
121,287,time
131,287,time
191,287,time
210,287,time
214,287,time
229,287,time
4,288,time
50,288,time
63,288,time
66,288,time
92,288,time
98,288,time
99,288,time
125,288,time
127,288,time
150,288,time
160,288,time
161,288,time
162,288,time
12,289,time
31,289,time
52,289,time
72,289,time
80,289,time
89,289,time
90,289,time
93,289,time
105,289,time
107,289,time
108,289,time
109,289,time
126,289,time
137,289,time
141,289,time
144,289,time
146,289,time
147,289,time
151,289,time
179,289,time
185,289,time
186,289,time
203,289,time
204,289,time
208,289,time
220,289,time
223,289,time
233,289,time
235,289,time
177,290,time
81,291,time
176,291,time
94,292,time
216,292,time
218,292,time
221,292,time
222,292,time
1,293,time
10,293,time
20,293,time
74,293,time
75,293,time
85,293,time
95,293,time
112,293,time
129,293,time
139,293,time
143,293,time
6,294,time
28,294,time
56,294,time
64,294,time
73,294,time
83,294,time
115,294,time
142,294,time
145,294,time
167,294,time
181,294,time
195,294,time
197,294,time
159,295,time
5,296,time
45,296,time
60,296,time
67,296,time
68,296,time
120,296,time
123,296,time
148,296,time
168,296,time
189,296,time
196,296,time
209,296,time
37,297,time
183,297,time
192,297,time
219,297,time
39,298,time
11,299,time
35,299,time
65,299,time
3,300,time
9,300,time
13,300,time
14,300,time
17,300,time
36,300,time
40,300,time
49,300,time
51,300,time
55,300,time
58,300,time
76,300,time
77,300,time
79,300,time
86,300,time
132,300,time
134,300,time
135,300,time
163,300,time
174,300,time
193,300,time
198,300,time
207,300,time
224,300,time
227,300,time
230,300,time
231,300,time
237,300,time
15,301,time
22,301,time
78,301,time
118,301,time
149,301,time
182,301,time
187,301,time
205,301,time
211,301,time
27,302,time
69,302,time
71,302,time
101,302,time
111,302,time
119,302,time
122,302,time
164,302,time
166,302,time
169,302,time
194,302,time
201,302,time
213,302,time
226,302,time
232,302,time
236,302,time
2,303,time
18,303,time
19,303,time
21,303,time
57,303,time
61,303,time
70,303,time
97,303,time
103,303,time
106,303,time
114,303,time
116,303,time
128,303,time
157,303,time
190,303,time
199,303,time
200,303,time
217,303,time
228,303,time
234,303,time
84,304,time
33,305,time
173,306,time
180,306,time
146,307,pakad
133,308,pakad
54,309,pakad
103,310,pakad
107,311,pakad
85,312,pakad
229,313,pakad
184,314,pakad
22,315,pakad
174,316,pakad
18,317,pakad
56,318,pakad
143,319,pakad
5,320,pakad
168,321,pakad
196,322,pakad
140,323,pakad
46,324,pakad
224,324,pakad
123,325,pakad
3,326,pakad
25,327,pakad
81,328,pakad
91,329,pakad
71,330,pakad
72,330,pakad
130,331,pakad
165,332,pakad
170,333,pakad
167,334,pakad
136,335,pakad
119,336,pakad
156,337,pakad
225,338,pakad
127,339,pakad
128,340,pakad
206,341,pakad
160,342,pakad
118,343,pakad
177,344,pakad
88,345,pakad
73,346,pakad
26,347,pakad
222,347,pakad
100,348,pakad
171,349,pakad
172,349,pakad
228,350,pakad
230,351,pakad
151,352,pakad
76,353,pakad
37,354,pakad
87,355,pakad
126,356,pakad
169,357,pakad
94,358,pakad
68,359,pakad
104,360,pakad
1,361,pakad
145,362,pakad
49,363,pakad
215,364,pakad
59,365,pakad
166,366,pakad
114,367,pakad
223,368,pakad
125,369,pakad
147,370,pakad
175,371,pakad
158,372,pakad
84,373,pakad
92,374,pakad
98,375,pakad
198,376,pakad
181,377,pakad
201,378,pakad
149,379,pakad
148,380,pakad
216,381,pakad
77,382,pakad
13,383,pakad
155,383,pakad
66,384,pakad
17,385,pakad
122,386,pakad
67,387,pakad
197,388,pakad
157,389,pakad
34,390,pakad
129,391,pakad
108,392,pakad
95,393,pakad
102,394,pakad
43,395,pakad
152,396,pakad
31,397,pakad
93,398,pakad
190,399,pakad
161,400,pakad
24,401,pakad
134,402,pakad
45,403,pakad
150,404,pakad
154,405,pakad
153,406,pakad
80,407,pakad
63,408,pakad
115,409,pakad
112,410,pakad
61,411,pakad
11,412,pakad
30,413,pakad
16,414,pakad
23,415,pakad
20,416,pakad
70,417,pakad
19,418,pakad
209,419,pakad
135,420,pakad
90,421,pakad
36,422,pakad
137,423,pakad
217,424,pakad
42,425,pakad
178,426,pakad
47,427,pakad
51,428,pakad
220,429,pakad
138,430,pakad
163,431,pakad
191,432,pakad
57,433,pakad
75,434,pakad
207,435,pakad
38,436,pakad
33,437,pakad
179,438,pakad
78,439,pakad
14,440,pakad
204,440,pakad
203,441,pakad
200,442,pakad
214,443,pakad
69,444,pakad
105,445,pakad
109,446,pakad
139,447,pakad
111,448,pakad
86,449,pakad
142,450,pakad
50,451,pakad
120,452,pakad
113,453,pakad
188,454,pakad
189,455,pakad
52,456,pakad
131,457,pakad
132,457,pakad
35,458,pakad
211,459,pakad
74,460,pakad
32,461,pakad
7,462,pakad
89,463,pakad
195,464,pakad
